{
  "MusicVolume": 0.50000000000000011,
  "SoundEffectsVolume": 0.40000000000000013,
  "DialogueSpeed": 4,
  "Fullscreen": true,
  "FadeSpeed": 25
}