{
  "MusicVolume": 0.10000000000000014,
  "SoundEffectsVolume": 0.473820138615455,
  "DialogueSpeed": 7,
  "Fullscreen": true,
  "FadeSpeed": 25
}