{
  "MusicVolume": 0.050678541136556142,
  "SoundEffectsVolume": 0.473820138615455,
  "DialogueSpeed": 29,
  "Fullscreen": true,
  "FadeSpeed": 25
}